{
  "document_id": "",
  "metadata": {},
  "violations": [],
  "total_violations": 0,
  "check_timestamp": "",
  "multi_agent": {
    "enabled": true,
    "workflow_status": "aggregating",
    "agent_timings": {
      "supervisor": 0.0010013580322265625,
      "preprocessor": 0.004000663757324219,
      "esg": 0.038274526596069336,
      "general": 0.02227497100830078,
      "performance": 0.030271053314208984,
      "prospectus": 0.006156206130981445,
      "registration": 0.007506847381591797,
      "securities": 70.34277510643005,
      "structure": 0.027274608612060547,
      "aggregator": 0.001998424530029297
    },
    "thread_id": "check_20251123_121948_8337fa74",
    "total_execution_time": 70.48153376579285
  }
}